22,/south-pacific/australia/new-south-wales/greater-sydney/southern-sydney/bundeena|/south-pacific/australia/new-south-wales/greater-sydney/bundeena|/south-pacific/australia/new-south-wales/greater-sydney/sydney-metro/bundeena
105,/canada/british-columbia/cariboo-chilcotin-co/100-mile-house|/canada/british-columbia/cariboo-chilcotin-coast/100-mile-house
110,/canada/british-columbia/cariboo-chilcotin-co/canim-lake|/canada/british-columbia/cariboo-chilcotin-coast/canim-lake
141,/canada/british-columbia/northern-british-col/moberly-lake|/canada/british-columbia/northern-british-columbia/moberly-lake
1697,/europe/spain/costa-blanca-area/alicante-area/alicante|/europe/spain/valencia/costa-blanca-area/alicante
1705,/europe/spain/valencia/costa-blanca-area/benidorm|/europe/spain/costa-blanca-area/benidorm-area/benidorm
1714,/europe/spain/costa-blanca-area/javea-moraira-denia-area/denia|/europe/spain/valencia/costa-blanca-area/denia
1765,/europe/spain/costa-blanca-area/torrevieja-area/torrevieja|/europe/spain/valencia/costa-blanca-area/torrevieja
2205,/usa/california/los-angeles-county/catalina-island|/usa/california/los-angeles-catalina/catalina-island|/usa/california/los-angeles-catalina/catalina-island/catalina-island-avalon
2328,/usa/colorado/southwest/mt-crested-butte|/usa/colorado/southwest/crested-butte-area/mt-crested-butte
2638,/usa/florida/central-east/hutchinson-island|/usa/florida/east-coast/hutchinson-island
2757,/usa/florida/panhandle-panama-city-beach/sunnyside/carillon-beach|/usa/florida/north-west/panama-city-beach/sunnyside/carillon-beach
2762,/usa/florida/panhandle-panama-city-beach/sunnyside/pinnacle-port|/usa/florida/north-west/panama-city-beach/sunnyside/pinnacle-port
3361,/usa/massachusetts/middlefield|/usa/massachusetts/greater-springfield-/middlefield
3703,/usa/nevada/lake-tahoe-nv/incline-villiage-nv/crystal-bay|/usa/nevada/lake-tahoe-nv/incline-village-nv/crystal-bay
3705,/usa/nevada/lake-tahoe-nv/incline-villiage-nv/incline-village|/usa/nevada/lake-tahoe-nv/incline-village-nv/incline-village
4247,/usa/pennsylvania/northeastern-mountains/poconos/lake-como|/usa/pennsylvania/northeastern-mountai/endless-mountains/lake-como
4252,/usa/pennsylvania/northeastern-mountai/poconos|/usa/pennsylvania/northeastern-mountains/poconos
4258,/usa/pennsylvania/endless-mountains/clarks-summit|/usa/pennsylvania/northeastern-mountains/endless-mountains/clarks-summit
4280,/usa/pennsylvania/northeastern-mountai/endless-mountains/troy|/usa/pennsylvania/northeastern-mountains/endless-mountains/troy
4281,/usa/pennsylvania/northeastern-mountains/poconos/white-haven|/usa/pennsylvania/northeastern-mountai/endless-mountains/white-haven
4282,/usa/pennsylvania/northeastern-mountai/endless-mountains/scranton|/usa/pennsylvania/northeastern-mountains/endless-mountains/scranton
4284,/usa/pennsylvania/pittsburgh-area/laurel-highlands/seven-springs|/usa/pennsylvania/pittsburg-area/seven-springs
4433,/usa/tennessee/east/strawberry-plains|/usa/tennessee/strawberry-plains
4447,/usa/texas/hill-country/lake-lbj/burnet|/usa/texas/lake-lbj/burnet
4691,/usa/washington/olympic-peninsula/hood-canal-wa/hood-canal/belfair|/usa/washington/puget-sound/puget-sound-north/hood-canal/belfair|/usa/washington/hood-canal-wa/belfair
4692,/usa/washington/olympic-peninsula/hood-canal-wa/hood-canal-olympic/union|/usa/washington/olympic-peninsula/hood-canal-olympic/union
4750,/usa/wisconsin/north-west/birchwood|/usa/wisconsin/wi-north-west/birchwood
4752,/usa/wisconsin/north-west/cameron|/usa/wisconsin/wi-north-west/cameron
4753,/usa/wisconsin/north-west/chippewa-falls|/usa/wisconsin/wi-north-west/chippewa-falls
4755,/usa/wisconsin/wi-north-west/cumberland|/usa/wisconsin/north-west/cumberland
4766,/usa/wisconsin/wi-north-west/eau-claire|/usa/wisconsin/north-west/eau-claire
4767,/usa/wisconsin/north-west/tony|/usa/wisconsin/wi-north-west/tony
4775,/usa/wisconsin/north-west/hayward|/usa/wisconsin/wi-north-west/hayward
4776,/usa/wisconsin/north-west/minong|/usa/wisconsin/wi-north-west/minong
4778,/usa/wisconsin/wi-north-west/holcombe|/usa/wisconsin/north-west/holcombe
4779,/usa/wisconsin/wi-north-west/iron-river|/usa/wisconsin/north-west/iron-river
4781,/usa/wisconsin/north-west/ladysmith|/usa/wisconsin/wi-north-west/ladysmith
4783,/usa/wisconsin/wi-north-west/madeline-island|/usa/wisconsin/north-west/madeline-island
4787,/usa/wisconsin/north-west/mercer|/usa/wisconsin/wi-north-west/mercer
4789,/usa/wisconsin/wi-south-central/lake-wisconsin/merrimac|/usa/wisconsin/wi-south-east/lake-wisconsin/merrimac
4790,/usa/wisconsin/north-west/mikana|/usa/wisconsin/wi-north-west/mikana
4794,/usa/wisconsin/north-west/park-falls|/usa/wisconsin/wi-north-west/park-falls
4796,/usa/wisconsin/north-west/neillsville|/usa/wisconsin/wi-central/neillsville
4798,/usa/wisconsin/wi-north-west/new-auburn|/usa/wisconsin/north-west/new-auburn
4803,/usa/wisconsin/lake-pepin/pepin|/usa/wisconsin/wi-south-west/lake-pepin/pepin
4811,/usa/wisconsin/north-west/shell-lake|/usa/wisconsin/wi-north-west/shell-lake
4813,/usa/wisconsin/north-west/turtle-lake|/usa/wisconsin/wi-north-west/turtle-lake
5077,/usa/wisconsin/north-west/phillips|/usa/wisconsin/wi-north-west/phillips
5128,/usa/wisconsin/wi-north-east/st-germain|/usa/wisconsin/north-west/st-germain
5176,/usa/wisconsin/wi-north-west/winter|/usa/wisconsin/north-west/winter
5178,/usa/wisconsin/wi-north-west/otter-lake|/usa/wisconsin/north-west/otter-lake
5249,/usa/washington/hood-canal-wa/seabeck|/usa/washington/puget-sound/puget-sound-north/hood-canal/seabeck|/usa/washington/olympic-peninsula/hood-canal-wa/hood-canal/seabeck
5291,/usa/wisconsin/wi-north-west/wapogasset-lake|/usa/wisconsin/north-west/wapogasset-lake
5409,/usa/florida/north-west/panama-city-beach/gulf-resort-beach/portside-resort|/usa/florida/panhandle-panama-city-beach/gulf-resort-beach/portside-resort
5453,/usa/florida/north-west/panama-city-beach/biltmore-beach/watercrest|/usa/florida/panhandle-panama-city-beach/biltmore-beach/watercrest
5462,/usa/florida/north-west/panama-city-beach/edgewater-gulf-beach/gulf-highlands|/usa/florida/panhandle-panama-city-beach/edgewater-gulf-beach/gulf-highlands
5481,/usa/wisconsin/wi-north-west/balsam-lake|/usa/wisconsin/north-west/balsam-lake
5485,/usa/florida/panhandle-panama-city-beach/gulf-lagoon-beach/gulf-crest|/usa/florida/north-west/panama-city-beach/gulf-lagoon-beach/gulf-crest
5495,/usa/florida/panhandle-panama-city-beach/long-beach/long-beach|/usa/florida/north-west/panama-city-beach/long-beach/long-beach
5508,/usa/florida/north-west/panama-city-beach/gulf-lagoon-beach/sugar-beach|/usa/florida/panhandle-panama-city-beach/gulf-lagoon-beach/sugar-beach
5509,/usa/florida/panhandle-panama-city-beach/edgewater-gulf-beach/edgewater-beach|/usa/florida/north-west/panama-city-beach/edgewater-gulf-beach/edgewater-beach
5544,/usa/florida/north-west/panama-city-beach/gulf-resort-beach/beachwalk|/usa/florida/panhandle-panama-city-beach/gulf-resort-beach/beachwalk
5574,/usa/florida/panhandle-panama-city-beach/gulf-resort-beach/horizon-south|/usa/florida/north-west/panama-city-beach/gulf-resort-beach/horizon-south
5586,/usa/florida/north-west/panama-city-beach/long-beach/twin-palms|/usa/florida/panhandle-panama-city-beach/long-beach/twin-palms
5602,/usa/florida/north-west/panama-city-beach/biltmore-beach/hidden-dunes|/usa/florida/panhandle-panama-city-beach/biltmore-beach/hidden-dunes
5603,/usa/florida/north-west/panama-city-beach/biltmore-beach/coral-reef|/usa/florida/panhandle-panama-city-beach/biltmore-beach/coral-reef
5604,/usa/florida/north-west/panama-city-beach/gulf-lagoon-beach/dunes-of-panama|/usa/florida/panhandle-panama-city-beach/gulf-lagoon-beach/dunes-of-panama
5605,/usa/florida/north-west/panama-city-beach/gulf-lagoon-beach/summit|/usa/florida/panhandle-panama-city-beach/gulf-lagoon-beach/summit
5606,/usa/florida/north-west/destin/scenic-gulf-dr-west/amalfi|/usa/florida/north-west/destin/scenic-hwy-98/amalfi|/usa/florida/north-west/destin/scenic-gulf-dr-central-east/amalfi
5617,/usa/florida/panhandle-panama-city-beach/long-beach/sunbird|/usa/florida/north-west/panama-city-beach/long-beach/sunbird
5642,/usa/florida/panhandle-panama-city-beach/bayside/delwood-beach/bay-point|/usa/florida/north-west/panama-city-beach/st-andrew-bay/delwood-beach/bay-point
5655,/usa/florida/panhandle-panama-city-beach/gulf-resort-beach/celadon|/usa/florida/north-west/panama-city-beach/gulf-resort-beach/celadon
5656,/usa/florida/north-west/panama-city-beach/gulf-lagoon-beach/top-of-the-gulf|/usa/florida/panhandle-panama-city-beach/gulf-lagoon-beach/top-of-the-gulf
5667,/usa/florida/panhandle-panama-city-beach/gulf-resort-beach/endless-summer|/usa/florida/north-west/panama-city-beach/gulf-resort-beach/endless-summer
5668,/usa/florida/north-west/panama-city-beach/sunnyside/sunnyside|/usa/florida/panhandle-panama-city-beach/sunnyside/sunnyside
5674,/usa/florida/panhandle-panama-city-beach/gulf-lagoon-beach/en-soleil|/usa/florida/north-west/panama-city-beach/gulf-lagoon-beach/en-soleil
5675,/usa/florida/panhandle-panama-city-beach/biltmore-beach/sterling-beach|/usa/florida/north-west/panama-city-beach/biltmore-beach/sterling-beach
5682,/usa/florida/panhandle-panama-city-beach/undesignated|/usa/florida/north-west/panama-city-beach/undesignated
5763,/usa/florida/panhandle-panama-city-beach/biltmore-beach/nautical-watch|/usa/florida/north-west/panama-city-beach/biltmore-beach/nautical-watch
5769,/usa/wisconsin/north-west/bayfield|/usa/wisconsin/wi-north-west/bayfield
5813,/usa/florida/panhandle-panama-city-beach/gulf-resort-beach/holiday-beach|/usa/florida/north-west/panama-city-beach/gulf-resort-beach/holiday-beach
5824,/usa/pennsylvania/northeastern-mountains/poconos/shehawken-lake|/usa/pennsylvania/northeastern-mountai/endless-mountains/shehawken-lake
5837,/usa/florida/panhandle-panama-city-beach/sunnyside/la-valencia-beach|/usa/florida/north-west/panama-city-beach/sunnyside/la-valencia-beach
5849,/usa/florida/panhandle-panama-city-beach/gulf-lagoon-beach/bel-air|/usa/florida/north-west/panama-city-beach/gulf-lagoon-beach/bel-air
5872,/europe/portugal/sintra-area/sintra/colares|/europe/portugal/lisbon-region/sintra-area/sintra/colares
5940,/usa/florida/panhandle-panama-city-beach/biltmore-beach/regency-towers|/usa/florida/north-west/panama-city-beach/biltmore-beach/regency-towers
5995,/usa/colorado/northwest/breckenridge/north-breckenridge/kingdom-park|/usa/colorado/northwest/breckenridge/north-breck/kingdom-park
5996,/usa/colorado/northwest/breckenridge/north-breckenridge/claimjumper|/usa/colorado/northwest/breckenridge/north-breck/claimjumper
6039,/usa/florida/panhandle-panama-city-beach/gulf-lagoon-beach/whispering-seas|/usa/florida/north-west/panama-city-beach/gulf-lagoon-beach/whispering-seas
6056,/usa/colorado/northwest/breckenridge/warriors-mark-homes|/usa/colorado/northwest/breckenridge/warriors-mark|/usa/colorado/northwest/breckenridge/warriors-mark-area
6060,/usa/florida/north-west/panama-city-beach/long-beach/grandview-west|/usa/florida/panhandle-panama-city-beach/long-beach/grandview-west
6071,/usa/florida/north-west/panama-city-beach/biltmore-beach/pelican-walk|/usa/florida/panhandle-panama-city-beach/biltmore-beach/pelican-walk
6072,/usa/florida/north-west/panama-city-beach/gulf-lagoon-beach/grande-surf-club|/usa/florida/panhandle-panama-city-beach/gulf-lagoon-beach/grande-surf-club
6074,/usa/pennsylvania/northeastern-mountai/endless-mountains/eagles-mere|/usa/pennsylvania/northeastern-mountains/endless-mountains/eagles-mere
6079,/usa/colorado/northwest/breckenridge/north-breckenridge/silver-shekel|/usa/colorado/northwest/breckenridge/north-breck/silver-shekel
6080,/usa/colorado/northwest/breckenridge/north-breck/highlands|/usa/colorado/northwest/breckenridge/north-breckenridge/highlands
6083,/usa/colorado/northwest/breckenridge/north-breck/ten-mile-vista|/usa/colorado/northwest/breckenridge/north-breckenridge/ten-mile-vista
6084,/usa/colorado/northwest/breckenridge/north-breckenridge/quality-hill|/usa/colorado/northwest/breckenridge/north-breck/quality-hill
6085,/usa/colorado/northwest/breckenridge/north-breck/forest-hills|/usa/colorado/northwest/breckenridge/north-breckenridge/forest-hills
6086,/usa/colorado/northwest/breckenridge/north-breck/huron-heights|/usa/colorado/northwest/breckenridge/north-breckenridge/huron-heights
6087,/usa/colorado/northwest/breckenridge/north-breck/swan-river-valley|/usa/colorado/northwest/breckenridge/north-breckenridge/swan-river-valley
6088,/usa/colorado/northwest/breckenridge/north-breck/summit-estates|/usa/colorado/northwest/breckenridge/north-breckenridge/summit-estates
6089,/usa/colorado/northwest/breckenridge/north-breck/shadows-north|/usa/colorado/northwest/breckenridge/north-breckenridge/shadows-north
6090,/usa/colorado/northwest/breckenridge/north-breckenridge/coyne-placer-valley|/usa/colorado/northwest/breckenridge/north-breck/coyne-placer-valley
6143,/usa/florida/panhandle-panama-city-beach/biltmore-beach/summerhouse|/usa/florida/north-west/panama-city-beach/biltmore-beach/summerhouse
6161,/usa/florida/panhandle-panama-city-beach/gulf-resort-beach/seachase|/usa/florida/north-west/panama-city-beach/gulf-resort-beach/seachase
6215,/usa/wisconsin/north-west/prentice|/usa/wisconsin/wi-north-west/prentice
6223,/usa/florida/north-west/panama-city-beach/gulf-lagoon-beach/moondrifter|/usa/florida/panhandle-panama-city-beach/gulf-lagoon-beach/moondrifter
6224,/usa/florida/north-west/panama-city-beach/gulf-lagoon-beach/st-thomas-square|/usa/florida/panhandle-panama-city-beach/gulf-lagoon-beach/st-thomas-square
6229,/usa/florida/north-west/panama-city-beach/sunnyside/pirate-cove-villas|/usa/florida/panhandle-panama-city-beach/sunnyside/pirate-cove-villas
6234,/usa/florida/north-west/panama-city-beach/lower-grand-lagoon/venture-out-resort|/usa/florida/panhandle-panama-city-beach/lower-grand-lagoon/venture-out-resort
6237,/usa/florida/north-west/panama-city-beach/sunnyside/ramsgate-harbour|/usa/florida/panhandle-panama-city-beach/sunnyside/ramsgate-harbour
6238,/usa/florida/north-west/panama-city-beach/lower-grand-lagoon/treasure-cove|/usa/florida/panhandle-panama-city-beach/lower-grand-lagoon/treasure-cove
6240,/usa/florida/north-west/panama-city-beach/biltmore-beach|/usa/florida/panhandle-panama-city-beach/biltmore-beach
6242,/usa/florida/north-west/panama-city-beach/gulf-lagoon-beach/oceanna|/usa/florida/panhandle-panama-city-beach/gulf-lagoon-beach/oceanna
6270,/usa/colorado/northwest/breckenridge/north-breckenridge/highland-greens|/usa/colorado/northwest/breckenridge/north-breck/highland-greens
6279,/usa/colorado/northwest/breckenridge/historic-district/mountain-lodge|/usa/colorado/northwest/breckenridge/historic-district/mountain-village
6287,/usa/florida/north-west/panama-city-beach/open-sands/continental|/usa/florida/panhandle-panama-city-beach/open-sands/continental
6297,/usa/colorado/northwest/breckenridge/north-breck/swans-nest|/usa/colorado/northwest/breckenridge/north-breckenridge/swans-nest
6312,/usa/wisconsin/wi-north-west/st-croix-falls|/usa/wisconsin/north-west/st-croix-falls
6334,/usa/florida/panhandle-panama-city-beach/edgewater-gulf-beach/palm-cove|/usa/florida/north-west/panama-city-beach/edgewater-gulf-beach/palm-cove
6346,/usa/colorado/northwest/breckenridge/warriors-mark-area/warriors-mark-west|/usa/colorado/northwest/breckenridge/warriors-mark-area/warriors-mark-area-west
6404,/usa/pennsylvania/northeastern-mountai/endless-mountains/elk-mountain|/usa/pennsylvania/northeastern-mountains/endless-mountains/elk-mountain
6432,/usa/colorado/northwest/breckenridge/north-breck/vista-point|/usa/colorado/northwest/breckenridge/historic-district/vista-point
6437,/usa/florida/north-west/panama-city-beach/sunnyside/powell-lake|/usa/florida/panhandle-panama-city-beach/sunnyside/powell-lake
6526,/usa/wisconsin/north-west/springbrook|/usa/wisconsin/wi-north-west/springbrook
6537,/usa/florida/north-west/panama-city-beach/biltmore-beach/mariner-west|/usa/florida/panhandle-panama-city-beach/biltmore-beach/mariner-west
6557,/usa/wisconsin/north-west/wascott|/usa/wisconsin/wi-north-west/wascott
6600,/usa/florida/north-west/panama-city-beach/biltmore-beach/sunswept|/usa/florida/panhandle-panama-city-beach/biltmore-beach/sunswept
6610,/europe/italy/campania/cilento-vallo-di-diano/castellabate|/europe/italy/campania/cilento-vallo-di-dia/castellabate
6623,/usa/florida/north-west/panama-city-beach/gulf-lagoon-beach/gulfgate|/usa/florida/panhandle-panama-city-beach/gulf-lagoon-beach/gulfgate
6647,/usa/colorado/northwest/breckenridge/north-breckenridge/tiger-run|/usa/colorado/northwest/breckenridge/north-breck/tiger-run
6947,/usa/florida/panhandle-panama-city-beach/long-beach/hombre-golf-club|/usa/florida/north-west/panama-city-beach/long-beach/hombre-golf-club
6967,/usa/massachusetts/hawley|/usa/massachusetts/greater-springfield-/hawley
7098,/usa/wisconsin/wi-north-west/namakagon-lake|/usa/wisconsin/north-west/namakagon-lake
7162,/usa/florida/panhandle-panama-city-beach/biltmore-beach/summer-place|/usa/florida/north-west/panama-city-beach/biltmore-beach/summer-place
7263,/usa/florida/north-west/panama-city-beach/long-beach/majestic-beach-towers|/usa/florida/panhandle-panama-city-beach/long-beach/majestic-beach-towers
7303,/usa/colorado/cities-t-z/winter-park-area/fraser/meadowridge|/usa/colorado/northwest/winter-park-area/fraser/meadowridge
7352,/usa/florida/south-west/naples-area/east-naples/winterpark|/usa/florida/south-gulf-coast/naples-area/east-naples/winterpark
7399,/europe/italy/lombardy/iesa|/europe/italy/tuscany/siena-area/iesa|/europe/italy/tuscany/iesa
7486,/usa/washington/olympic-peninsula/hood-canal-wa/hood-canal-olympic/hoodsport|/usa/washington/olympic-peninsula/hood-canal-olympic/hoodsport
7541,/usa/florida/panhandle-panama-city-beach/lower-grand-lagoon/commodore|/usa/florida/north-west/panama-city-beach/lower-grand-lagoon/commodore
7542,/usa/florida/panhandle-panama-city-beach/biltmore-beach/princess|/usa/florida/north-west/panama-city-beach/biltmore-beach/princess
7544,/usa/florida/panhandle-panama-city-beach/lower-grand-lagoon/moonspinner|/usa/florida/north-west/panama-city-beach/lower-grand-lagoon/moonspinner
7619,/usa/florida/north-west/panama-city-beach/st-andrew-bay/upper-grand-lagoon/emerald-pointe|/usa/florida/panhandle-panama-city-beach/gulf-resort-beach/emerald-pointe
7623,/usa/colorado/northwest/winter-park-area/fraser/rendezvous1|/usa/colorado/cities-t-z/winter-park-area/fraser/rendezvous1
7637,/usa/texas/gulf-coast/homes-north-padre-island|/usa/texas/corpus-christi/homes-north-padre-island
7687,/usa/pennsylvania/pittsburgh-area/rices-landing|/usa/pennsylvania/pittsburg-area/rices-landing
7755,/usa/colorado/front-range/poudre-river-canyon/poudre-park|/usa/colorado/front-range/poudre-park
7846,/usa/florida/north-west/panama-city-beach/long-beach/boardwalk-beach-reso|/usa/florida/panhandle-panama-city-beach/gulf-resort-beach/boardwalk-beach-reso
7870,/usa/washington/puget-sound/puget-sound-north/hood-canal/tahuya|/usa/washington/hood-canal-wa/tahuya|/usa/washington/olympic-peninsula/hood-canal-wa/hood-canal/tahuya
7888,/mexico/mexican-riveria/nayarit/nuevo-vallarta/villa-del-palmar-flamingos|/mexico/mexican-riviera/nayarit/nuevo-vallarta/villa-del-palmar-flamingos
7929,/usa/pennsylvania/pittsburg-area/hidden-valley|/usa/pennsylvania/pittsburgh-area/laurel-highlands/hidden-valley
7950,/usa/wisconsin/wi-north-west/lake-nebagamon|/usa/wisconsin/north-west/lake-nebagamon
7962,/usa/florida/north-west/panama-city-beach/st-andrew-bay/west-bay/colony-club|/usa/florida/panhandle-panama-city-beach/bayside/west-bay/colony-club|/usa/florida/panhandle-panama-city-beach/bayside/upper-grand-lagoon/colony-club
7993,/usa/florida/panhandle-panama-city-beach/lower-grand-lagoon/treasure-island|/usa/florida/north-west/panama-city-beach/lower-grand-lagoon/treasure-island
8000,/usa/florida/north-west/panama-city-beach/biltmore-beach/sago-island|/usa/florida/panhandle-panama-city-beach/biltmore-beach/sago-island
8022,/usa/florida/panhandle-panama-city-beach/edgewater-gulf-beach/sterling-reef|/usa/florida/north-west/panama-city-beach/edgewater-gulf-beach/sterling-reef
8038,/usa/wisconsin/north-west/danbury|/usa/wisconsin/wi-north-west/danbury
8065,/usa/florida/upper-gulf-coast/palmetto/riviera-dunes-laguna|/usa/florida/south-west/palmetto/riviera-dunes/riviera-dunes-laguna
8170,/usa/florida/panhandle-panama-city-beach/gulf-resort-beach/seagull-villas|/usa/florida/north-west/panama-city-beach/gulf-resort-beach/seagull-villas
8172,/usa/wisconsin/north-west/chetek|/usa/wisconsin/wi-north-west/chetek
8428,/usa/florida/north-west/panama-city-beach/gulf-lagoon-beach/bonita-point|/usa/florida/panhandle-panama-city-beach/gulf-lagoon-beach/bonita-point
8507,/usa/wisconsin/wi-north-west/webb-lake|/usa/wisconsin/north-west/webb-lake
8680,/usa/florida/north-west/panama-city-beach/gulf-resort-beach/peachtree-place|/usa/florida/panhandle-panama-city-beach/gulf-resort-beach/peachtree-place
8812,/usa/florida/south-west/marco-island/essex|/usa/florida/south-gulf-coast/marco-island/essex|/usa/florida/south-gulf-coast/marco-island/essex-south
8935,/canada/british-columbia/thompson-okanagan/kalamalka-lake/coldstream|/canada/british-columbia/thompson-okanagan/lake-country/coldstream|/canada/british-columbia/thompson-okanagan/lake-country/kalamalka-lake/coldstream
9007,/usa/washington/olympic-peninsula/hood-canal-olympic/quilcene|/usa/washington/olympic-peninsula/hood-canal-wa/hood-canal-olympic/quilcene
9075,/usa/florida/north-west/panama-city-beach/biltmore-beach/largo-mar|/usa/florida/panhandle-panama-city-beach/biltmore-beach/largo-mar
9273,/usa/florida/panhandle-panama-city-beach/open-sands/sunrise-beach|/usa/florida/north-west/panama-city-beach/open-sands/sunrise-beach
9363,/usa/utah/park-city/north/kimball-junction/crestview|/usa/utah/park-city/central/kimball-junction/crestview
9365,/usa/utah/park-city/north/kimball-junction/fox-point|/usa/utah/park-city/central/kimball-junction/fox-point
9375,/usa/utah/park-city/central/kimball-junction/powderwood|/usa/utah/park-city/north/kimball-junction/powderwood
9623,/usa/florida/north-west/panama-city-beach/open-sands/emerald-beach|/usa/florida/panhandle-panama-city-beach/open-sands/emerald-beach
9676,/usa/wisconsin/wi-north-west/spooner|/usa/wisconsin/north-west/spooner
9707,/canada/british-columbia/cariboo-chilcotin-coast/bella-coola|/canada/british-columbia/cariboo-chilcotin-co/bella-coola
9709,/usa/washington/olympic-peninsula/hood-canal-wa/hood-canal-olympic/brinnon|/usa/washington/olympic-peninsula/hood-canal-olympic/brinnon
9728,/usa/pennsylvania/northeastern-mountains/endless-mountains/gillett|/usa/pennsylvania/endless-mountains/gillett
9753,/usa/wisconsin/north-west/river-falls|/usa/wisconsin/wi-north-west/river-falls
9780,/usa/florida/south-east/everglades-national-/homestead|/usa/florida/east-coast/everglades-national-/homestead
9883,/usa/pennsylvania/pittsburgh-area/pittsburgh|/usa/pennsylvania/pittsburg-area/pittsburgh
9914,/usa/florida/north-central/yankeetown|/usa/florida/main-north-west/yankeetown
10030,/usa/colorado/northwest/winter-park-area/tabernash/sunset-ridge|/usa/colorado/cities-t-z/winter-park-area/tabernash/sunset-ridge
10102,/usa/utah/park-city/central/kimball-junction/newpark|/usa/utah/park-city/north/kimball-junction/newpark
10118,/usa/florida/south-west/bonita-beach/egret|/usa/florida/south-gulf-coast/bonita-beach/egret
10140,/usa/florida/panhandle-panama-city-beach/gulf-resort-beach/wendwood|/usa/florida/north-west/panama-city-beach/gulf-resort-beach/wendwood
10144,/usa/florida/north-west/panama-city-beach/gulf-resort-beach/beachside|/usa/florida/panhandle-panama-city-beach/gulf-resort-beach/beachside
10179,/usa/florida/panhandle-panama-city-beach/long-beach/grandview-east|/usa/florida/north-west/panama-city-beach/long-beach/grandview-east
10207,/usa/pennsylvania/northeastern-mountains/endless-mountains/montage|/usa/pennsylvania/northeastern-mountai/endless-mountains/montage
10360,/usa/florida/north-west/panama-city-beach/gulf-resort-beach/landmark-holiday|/usa/florida/panhandle-panama-city-beach/gulf-resort-beach/landmark-holiday
10389,/usa/florida/north-west/panama-city-beach/gulf-resort-beach/emerald-isle|/usa/florida/panhandle-panama-city-beach/gulf-resort-beach/emerald-isle
10429,/usa/wisconsin/north-west/crystal-lake|/usa/wisconsin/wi-north-west/crystal-lake
10434,/usa/florida/south-gulf-coast/bonita-springs/east/vasari/toscana|/usa/florida/south-west/bonita-springs/east/vasari/toscana
10604,/usa/wisconsin/wi-south-east/sinissippi-lake/hustisford|/usa/wisconsin/wi-south-central/sinissippi-lake/hustisford
10626,/usa/florida/central-gulf-coast/fort-myers/sunset-royal|/usa/florida/south-west/fort-myers/sunset-royal
10677,/usa/montana/glacier-country/blackfoot-valley/ovando|/usa/montana/blackfoot-valley/ovando
10740,/usa/wisconsin/wi-north-west/lyman-lake|/usa/wisconsin/north-west/lyman-lake
10766,/europe/spain/asturias/aviles-province/aviles|/europe/spain/asturias/aviles-comarca/aviles
10788,/usa/florida/north-west/panama-city-beach/open-sands/inn-paradise|/usa/florida/panhandle-panama-city-beach/open-sands/inn-paradise
10813,/usa/florida/north-west/panama-city-beach/open-sands/calypso-resort-towers|/usa/florida/panhandle-panama-city-beach/open-sands/calypso-resort-towers
10819,/usa/wisconsin/north-west/rock-dam-lake|/usa/wisconsin/wi-central/rock-dam-lake
10889,/usa/florida/upper-gulf-coast/trilcoochee|/usa/florida/central-west/trilcoochee
10959,/usa/florida/panhandle-panama-city-beach/biltmore-beach/villa-chateau|/usa/florida/north-west/panama-city-beach/laguna-beach/villa-chateau
11070,/usa/colorado/cities-a-b/beaver-creek/pines-lodge|/usa/colorado/northwest/beaver-creek/pines-lodge
11088,/usa/florida/panhandle-panama-city-beach/sunnyside/bella-costa|/usa/florida/north-west/panama-city-beach/sunnyside/bella-costa
11089,/usa/florida/panhandle-panama-city-beach/bahama-beach/somerset|/usa/florida/north-west/panama-city-beach/bahama-beach/somerset
11160,/usa/pennsylvania/pittsburgh-area/laurel-highlands/ligonier|/usa/pennsylvania/pittsburg-area/ligonier
11183,/usa/florida/north-west/panama-city-beach/lower-grand-lagoon/seychelles|/usa/florida/panhandle-panama-city-beach/lower-grand-lagoon/seychelles
11196,/usa/florida/north-west/panama-city-beach/gulf-resort-beach/summertowne|/usa/florida/panhandle-panama-city-beach/gulf-resort-beach/summertowne
11251,/usa/maryland/ocean-city/quay|/usa/maryland/eastern-shore/ocean-city/quay
11365,/usa/florida/panhandle-panama-city-beach/open-sands/fontainebleau-terrac|/usa/florida/north-west/panama-city-beach/bid-a-wee/fontainebleau-terrac
11409,/usa/florida/panhandle-panama-city-beach/long-beach/shores-of-panama|/usa/florida/north-west/panama-city-beach/long-beach/shores-of-panama
11432,/usa/florida/central-east/daytona-beach/preserve-at-rivers-edge|/usa/florida/east-coast/daytona-beach/preserve-at-rivers-edge
11476,/usa/florida/north-west/panama-city-beach/biltmore-beach/mariner-east|/usa/florida/panhandle-panama-city-beach/biltmore-beach/mariner-east
11696,/usa/florida/panhandle-panama-city-beach/gulf-resort-beach/tidewater-beach-reso|/usa/florida/north-west/panama-city-beach/gulf-resort-beach/tidewater-beach-reso
11771,/usa/wisconsin/lake-pepin/maiden-rock|/usa/wisconsin/wi-north-west/lake-pepin/maiden-rock
11943,/usa/south-carolina/charleston-area/edisto-island/edisto-beach/ocean-ridge|/usa/south-carolina/charleston-area/edisto-beach/ocean-ridge
12066,/usa/florida/south-west/bonita-springs/east/vasari/matera|/usa/florida/south-gulf-coast/bonita-springs/east/vasari/matera
12099,/usa/wisconsin/north-west/siren|/usa/wisconsin/wi-north-west/siren
12111,/usa/florida/north-west/panama-city-beach/bid-a-wee/emerald-shores|/usa/florida/panhandle-panama-city-beach/bid-a-wee/emerald-shores
12241,/usa/wisconsin/wi-north-west/sand-lake|/usa/wisconsin/north-west/sand-lake
12271,/usa/florida/panhandle-panama-city-beach/biltmore-beach/sand-castle-villas|/usa/florida/north-west/panama-city-beach/biltmore-beach/sand-castle-villas
12320,/usa/pennsylvania/pittsburg-area/east-brady|/usa/pennsylvania/wilds/east-brady
12471,/usa/florida/east-coast/hutchinson-island-n-/atlantic-view-seaward|/usa/florida/central-east/hutchinson-island/atlantic-view-seaward
12561,/usa/wisconsin/north-west/mellen|/usa/wisconsin/wi-north-west/mellen
12567,/usa/wisconsin/north-west/amery|/usa/wisconsin/wi-north-west/amery
12647,/usa/wisconsin/north-west/couderay|/usa/wisconsin/wi-north-west/couderay
12805,/usa/florida/south-gulf-coast/bonita-beach/dolphin-way|/usa/florida/south-west/bonita-beach/dolphin-way
12828,/usa/wisconsin/wi-north-west/cable|/usa/wisconsin/north-west/cable
12852,/usa/florida/panhandle-panama-city-beach/long-beach/ocean-villa|/usa/florida/north-west/panama-city-beach/long-beach/ocean-villa
12980,/usa/colorado/northwest/winter-park-area/fraser/winter-star|/usa/colorado/cities-t-z/winter-park-area/fraser/winter-star
13037,/usa/florida/panhandle-panama-city-beach/gulf-resort-beach/splash|/usa/florida/north-west/panama-city-beach/gulf-resort-beach/splash
13219,/usa/wisconsin/north-west/drummond|/usa/wisconsin/wi-north-west/drummond
13324,/usa/florida/north-east/st-augustine/world-golf-village/world-golf-village-l|/usa/florida/north-east/st-augustine/world-gulf-village/world-golf-village-l
13353,/usa/florida/north-west/panama-city-beach/long-beach/ocean-ritz|/usa/florida/panhandle-panama-city-beach/long-beach/ocean-ritz
13573,/usa/colorado/front-range/bellvue|/usa/colorado/front-range/poudre-river-canyon/bellvue
13587,/usa/florida/panhandle-panama-city-beach/long-beach/laketown-wharf|/usa/florida/north-west/panama-city-beach/long-beach/laketown-wharf
13812,/usa/wisconsin/wi-north-east/antigo|/usa/wisconsin/north-west/antigo
13865,/usa/florida/north-west/panama-city-beach/edgewater-gulf-beach/grand-panama-resort|/usa/florida/panhandle-panama-city-beach/edgewater-gulf-beach/grand-panama-resort
13972,/usa/florida/central-east/hutchinson-island/ocean-towers|/usa/florida/east-coast/hutchinson-island-n-/ocean-towers
13987,/usa/utah/park-city/north/kimball-junction/canyon-creek|/usa/utah/park-city/central/kimball-junction/canyon-creek
14027,/usa/florida/panhandle-panama-city-beach/gulf-resort-beach/aquavista|/usa/florida/north-west/panama-city-beach/gulf-resort-beach/aquavista
14028,/usa/florida/south-west/naples-area/pelican-bay/bay-colony/bay-colony-trieste|/usa/florida/south-gulf-coast/naples-area/pelican-bay/bay-colony-trieste
14033,/usa/wisconsin/wi-north-west/hurley|/usa/wisconsin/north-west/hurley
14043,/usa/florida/south-west/naples-area/east-naples/lakewood|/usa/florida/south-gulf-coast/naples-area/east-naples/lakewood
14058,/usa/wisconsin/wi-north-west/moquah|/usa/wisconsin/north-west/moquah
14060,/usa/florida/north-west/panama-city-beach/biltmore-beach/gulf-palms|/usa/florida/panhandle-panama-city-beach/biltmore-beach/gulf-palms
14064,/usa/colorado/cities-g-s/granby/granby-ranch-kicking-horse|/usa/colorado/northwest/winter-park-area/sol-vista-silver-cre/granby-ranch-kicking-horse|/usa/colorado/northwest/granby/sol-vista-silver-cre/granby-ranch-kicking-horse
14066,/usa/florida/north-west/panama-city-beach/biltmore-beach/panama-dunes|/usa/florida/panhandle-panama-city-beach/biltmore-beach/panama-dunes
14100,/usa/florida/central-east/deltona|/usa/florida/east-coast/deltona|/usa/florida/central-disney-orlando/deltona
14120,/usa/florida/south-west/bonita-springs/east/vasari/trieste|/usa/florida/south-gulf-coast/bonita-springs/east/vasari/trieste
14124,/usa/colorado/northwest/winter-park-area/winter-park/winter-park-place|/usa/colorado/cities-t-z/winter-park-area/winter-park/winter-park-place
14137,/usa/colorado/cities-t-z/winter-park-area/tabernash/fairways-at-pole-creek|/usa/colorado/northwest/winter-park-area/tabernash/fairways-at-pole-creek
14158,/usa/florida/north-east/st-augustine-beach/island-south|/usa/florida/east-coast/st-augustine-beach/island-south
14201,/usa/florida/central-east/cape-canaveral/por-tside-villas|/usa/florida/east-coast/cape-canaveral/por-tside-villas
14211,/usa/colorado/cities-t-z/winter-park-area/fraser/ptarmigan-hillls|/usa/colorado/northwest/winter-park-area/fraser/ptarmigan-hillls
14222,/usa/florida/north-west/destin/scenic-gulf-dr-west/villa-coyaba|/usa/florida/panhandle-destin-area/scenic-hwy-98/villa-coyaba
14248,/usa/colorado/cities-t-z/winter-park-area/fraser/winter-park-tennis-c|/usa/colorado/northwest/winter-park-area/fraser/winter-park-tennis-c
14268,/usa/pennsylvania/northeastern-mountains/poconos/beltzville-lake|/usa/pennsylvania/poconos/beltzville-lake
14295,/usa/colorado/northwest/frisco/pitkin-townhomes|/usa/colorado/cities-c-f/frisco/pitkin-townhomes
14394,/usa/maryland/eastern-shore/ocean-city/dune-mist-1|/usa/maryland/ocean-city/dune-mist-1
14395,/usa/maryland/eastern-shore/ocean-city/adagio|/usa/maryland/ocean-city/adagio
14438,/usa/montana/custer-country/big-horn-river-valley/fort-smith|/usa/montana/big-horn-river-valley/fort-smith
14457,/usa/michigan/michigan/boyne-falls/boyne-mountain-grand-lodge|/usa/michigan/northwest/boyne-falls/boyne-mountain-grand-lodge
14498,/usa/wisconsin/wi-north-west/webster|/usa/wisconsin/north-west/webster
14621,/usa/florida/panhandle-panama-city-beach/bid-a-wee/nautilus-cove|/usa/florida/north-west/panama-city-beach/bid-a-wee/nautilus-cove
14629,/usa/wisconsin/wi-north-east/athelstane|/usa/wisconsin/north-west/athelstane
14732,/usa/florida/central-east/cape-canaveral/treasure-beach|/usa/florida/east-coast/cape-canaveral/treasure-beach
14737,/usa/florida/panhandle-panama-city-beach/bayside/magnolia-beach/magnolia-bay-club|/usa/florida/north-west/panama-city-beach/st-andrew-bay/magnolia-beach/magnolia-bay-club
14850,/usa/florida/panhandle-panama-city-beach/biltmore-beach/surfside|/usa/florida/north-west/panama-city-beach/biltmore-beach/surfside
14885,/usa/florida/north-west/panama-city-beach/sunnyside/casa-del-mar|/usa/florida/panhandle-panama-city-beach/sunnyside/casa-del-mar
14895,/usa/pennsylvania/northeastern-mountains/endless-mountains|/usa/pennsylvania/northeastern-mountai/endless-mountains
14985,/usa/colorado/northwest/granby/sol-vista-silver-cre/granby-lake-shore-es|/usa/colorado/northwest/winter-park-area/sol-vista-silver-cre/granby-lake-shore-es
15029,/canada/british-columbia/whistler/village-north/alpenglow|/canada/british-columbia/vancouver-area/whistler/village-north/alpenglow|/canada/british-columbia/whistler/village-north/alpenglow-lodge
15057,/europe/italy/campania/cilento-vallo-di-dia/laurito|/europe/italy/campania/cilento-vallo-di-diano/laurito
15069,/usa/florida/east-coast/daytona-beach/grand-seas|/usa/florida/central-east/daytona-beach/grand-seas
15104,/usa/maryland/ocean-city/irene|/usa/maryland/eastern-shore/ocean-city/irene
15167,/usa/wisconsin/north-west/lake-pepin|/usa/wisconsin/wi-north-west/lake-pepin
15212,/usa/florida/north-west/destin/scenic-hwy-98/destin-village|/usa/florida/panhandle-destin-area/scenic-hwy-98/destin-village
15251,/usa/florida/panhandle-panama-city-beach/open-sands/aqua|/usa/florida/north-west/panama-city-beach/open-sands/aqua
15276,/usa/texas/prairies-lakes/richland-chambers-la/mildred/fowlers-point|/usa/texas/richland-chambers-la/mildred/fowlers-point
15442,/usa/virginia/virginia-beach/homes-sandbridge-beach|/usa/virginia/hampton-roads/virginia-beach/homes-sandbridge-beach
15444,/canada/british-columbia/whistler/white-gold-estates/homes|/canada/british-columbia/vancouver-area/whistler/white-gold-estates/homes
15480,/usa/michigan/michigan/boyne-falls/boyne-mountain-disciples-ridge|/usa/michigan/northwest/boyne-falls/boyne-mountain-disciples-ridge
15566,/usa/florida/panhandle-destin-area/scenic-hwy-98/clipper-cove|/usa/florida/north-west/destin/scenic-gulf-dr-west/clipper-cove
15592,/usa/florida/north-west/panama-city-beach/open-sands/palmetto-trace|/usa/florida/panhandle-panama-city-beach/open-sands/palmetto-trace
15610,/canada/british-columbia/cariboo-chilcotin-co/clinton|/canada/british-columbia/cariboo-chilcotin-coast/clinton
15633,/usa/colorado/northwest/winter-park-area/sol-vista-silver-cre/granby-ranch-summit-at-silver|/usa/colorado/northwest/granby/sol-vista-silver-cre/granby-ranch-summit-at-silver
15641,/usa/florida/panhandle-panama-city-beach/bayside/magnolia-beach/bluff-at-bear-pointe|/usa/florida/north-west/panama-city-beach/st-andrew-bay/magnolia-beach/bluff-at-bear-pointe
15667,/usa/wisconsin/wi-north-west/ogema|/usa/wisconsin/north-west/ogema
15784,/usa/florida/north-west/panama-city-beach/biltmore-beach/sunshine-shores|/usa/florida/panhandle-panama-city-beach/biltmore-beach/sunshine-shores
15811,/usa/colorado/northwest/winter-park-area/sol-vista-silver-cre/granby-ranch-tall-ti|/usa/colorado/northwest/granby/sol-vista-silver-cre/granby-ranch-tall-ti
15871,/usa/wisconsin/north-west/rice-lake|/usa/wisconsin/wi-north-west/rice-lake
15874,/usa/wisconsin/north-west/menomonie|/usa/wisconsin/wi-north-west/menomonie
15886,/usa/florida/panhandle-panama-city-beach/open-sands/ocean-reef|/usa/florida/north-west/panama-city-beach/open-sands/ocean-reef
15889,/usa/florida/south-east/miami/brickell/brickell-the-river|/usa/florida/east-coast/miami/brickell-the-river
15908,/usa/florida/north-east/jacksonville-beach/acquilus|/usa/florida/east-coast/jacksonville-beach/acquilus
15912,/usa/colorado/northwest/winter-park-area/sol-vista-silver-cre/granby-ranch-saddle-|/usa/colorado/northwest/granby/sol-vista-silver-cre/granby-ranch-saddle-
15950,/usa/florida/north-west/panama-city-beach/gulf-lagoon-beach/misty-harbor|/usa/florida/panhandle-panama-city-beach/gulf-lagoon-beach/misty-harbor
16012,/usa/colorado/southwest/crested-butte-area/mt-crested-butte/columbine|/usa/colorado/southwest/mt-crested-butte/columbine
16036,/usa/florida/south-west/marco-island/marco-courtyard-towers|/usa/florida/south-gulf-coast/marco-island/marco-courtyard-towers
16042,/usa/florida/north-west/panama-city-beach/open-sands/towne-of-seahaven|/usa/florida/panhandle-panama-city-beach/open-sands/towne-of-seahaven
16132,/usa/florida/upper-gulf-coast/sarasota/palmer-ranch-village-walk|/usa/florida/south-west/sarasota/palmer-ranch/palmer-ranch-village-walk
16137,/usa/florida/panhandle-destin-area/scenic-hwy-98/miramarbeach-miramar-beach-vil|/usa/florida/north-west/destin/scenic-gulf-dr-central-east/miramarbeach-miramar-beach-vil
16163,/usa/massachusetts/north-boston-greater/acton|/usa/massachusetts/acton
16211,/usa/florida/upper-gulf-coast/indian-rocks-beach/sea-haven|/usa/florida/central-west/indian-rocks-beach/sea-haven
16225,/usa/florida/north-west/panama-city-beach/st-andrew-bay/delwood-beach/reflections-at-bay-p|/usa/florida/panhandle-panama-city-beach/bayside/delwood-beach/reflections-at-bay-p
16355,/usa/florida/east-coast/port-st-lucie/st-james-golf-club|/usa/florida/central-east/port-st-lucie/st-james-golf-club
16395,/usa/florida/north-east/st-augustine/world-golf-village/world-golf-village-r|/usa/florida/north-east/st-augustine/world-gulf-village/world-golf-village-r
16536,/usa/florida/south-west/siesta-key/moorings|/usa/florida/upper-gulf-coast/siesta-key/moorings
16578,/usa/florida/panhandle-panama-city-beach/bayside/magnolia-beach/magnolia-plantation|/usa/florida/north-west/panama-city-beach/st-andrew-bay/magnolia-beach/magnolia-plantation
16651,/usa/florida/north-east/st-augustine/world-golf-village/world-golf-village-h|/usa/florida/north-east/st-augustine/world-gulf-village/world-golf-village-h
16654,/usa/colorado/northwest/granby/sol-vista-silver-cre/granby-ranch-lodge-a|/usa/colorado/northwest/winter-park-area/sol-vista-silver-cre/granby-ranch-lodge-a
16746,/canada/british-columbia/vancouver-area/agassiz/hemlock-valley|/canada/british-columbia/agassiz/hemlock-valley
16826,/usa/florida/north-west/destin/sandestin/tops-l-captiva|/usa/florida/panhandle-destin-area/sandestin/tops-l-captiva
16849,/usa/florida/south-east/miami/brickell/brickell-skyline|/usa/florida/east-coast/miami/brickell-skyline
16869,/usa/colorado/northwest/breckenridge/north-breckenridge/stonehaven|/usa/colorado/northwest/breckenridge/north-breck/stonehaven
16895,/usa/florida/south-east/miami/brickell/brickel-yacht-club|/usa/florida/east-coast/miami/brickel-yacht-club
16898,/usa/florida/south-west/naples-area/pelican-bay/tierra-mar|/usa/florida/south-gulf-coast/naples-area/pelican-bay/tierra-mar
16951,/usa/maryland/western/deep-creek-lake/oakland/traders-landing/traders-landing-roman-ridge|/usa/maryland/deep-creek-lake/oakland/traders-landing/traders-landing-roman-ridge
16995,/mexico/mexican-riveria/nayarit/nuevo-vallarta/marival-vacation-club|/mexico/mexican-riviera/nayarit/nuevo-vallarta/marival-vacation-club
17017,/usa/south-carolina/myrtle-beach/myrtle-beach/north/kingston-plantation/brighton-towers|/usa/south-carolina/myrtle-beach/myrtle-beach/kingston-plantation/brighton-towers
17087,/usa/oregon/central-oregon/sunriver/polehouse-condos|/usa/oregon/sunriver/polehouse-condos
17111,/usa/florida/panhandle-panama-city-beach/gulf-resort-beach/sterling-breeze|/usa/florida/north-west/panama-city-beach/gulf-resort-beach/sterling-breeze
17117,/usa/florida/north-west/panama-city-beach/gulf-resort-beach/tropic-winds|/usa/florida/panhandle-panama-city-beach/gulf-resort-beach/tropic-winds
17183,/usa/colorado/northwest/granby/sol-vista-silver-cre/granby-ranch-peakvie|/usa/colorado/northwest/winter-park-area/sol-vista-silver-cre/granby-ranch-peakvie
17192,/usa/washington/wa-south-central/tri-cities/pasco|/usa/washington/tri-cities/pasco
17242,/usa/tennessee/gatlinburg-area/sevierville/hidden-mountain|/usa/tennessee/east/sevierville/hidden-mountain
17321,/usa/texas/south-padre-island/gulfview-i-ii|/usa/texas/gulf-coast/south-padre-island/gulfview-i-ii
17330,/usa/texas/gulf-coast/south-padre-island/saida-towers|/usa/texas/south-padre-island/saida-towers
17380,/usa/texas/galveston/seascape|/usa/texas/gulf-coast/galveston/seascape
17411,/usa/florida/east-coast/delray-beach/gleneagles-c-c|/usa/florida/south-east/delray-beach/gleneagles-c-c
17431,/europe/spain/costa-blanca-area/javea-moraira-denia-area/calpe|/europe/spain/valencia/costa-blanca-area/calpe
17455,/usa/florida/north-west/panama-city-beach/st-andrew-bay/upper-grand-lagoon/marina-landing|/usa/florida/panhandle-panama-city-beach/bayside/upper-grand-lagoon/marina-landing
17510,/usa/colorado/northwest/granby/sol-vista-silver-cre/granby-ranch-fairway|/usa/colorado/northwest/winter-park-area/sol-vista-silver-cre/granby-ranch-fairway
17576,/usa/florida/panhandle-panama-city-beach/gulf-resort-beach/el-centro-beach|/usa/florida/north-west/panama-city-beach/gulf-resort-beach/el-centro-beach
17643,/usa/south-carolina/myrtle-beach/myrtle-beach/north/kingston-plantation/north-hampton|/usa/south-carolina/myrtle-beach/myrtle-beach/north-hampton
17650,/usa/florida/south-east/miami/loft-downtown|/usa/florida/east-coast/miami/loft-downtown
17665,/usa/maryland/eastern-shore/ocean-city/halfmoon|/usa/maryland/ocean-city/halfmoon
17735,/usa/texas/south-padre-island/beach-house-condominiums|/usa/texas/gulf-coast/south-padre-island/beach-house-condominiums
17899,/asia/indonesia/nusa-tenggara-barat/lombok|/asia/indonesia/lombok|/asia/indonesia/nusa-tenggara-lombok
17993,/usa/washington/olympic-peninsula/hood-canal-wa/hood-canal-olympic/lilliwaup|/usa/washington/olympic-peninsula/hood-canal-olympic/lilliwaup
18139,/usa/florida/north-west/panama-city-beach/gulf-resort-beach/palazzo|/usa/florida/panhandle-panama-city-beach/gulf-resort-beach/palazzo
18167,/usa/florida/south-west/placida/hideaway-bay|/usa/florida/central-gulf-coast/little-gasparilla-island/placida/hideaway-bay
18373,/usa/florida/east-coast/port-st-lucie/port-st-lucie-west-belmont|/usa/florida/central-east/port-st-lucie/port-st-lucie-west-belmont
18475,/usa/montana/big-sky/mountain-village/hill-condominiums|/usa/montana/yellowstone/big-sky/mountain-village/hill-condominiums|/usa/montana/big-sky/hill-condominiums
18495,/usa/florida/north-west/panama-city-beach/gulf-lagoon-beach/surf-n-sand|/usa/florida/panhandle-panama-city-beach/gulf-lagoon-beach/surf-n-sand
18500,/usa/wisconsin/north-west/frederic|/usa/wisconsin/wi-north-west/frederic
18533,/usa/florida/central-west/wesley-chapel/saddlebrook-resort|/usa/florida/upper-gulf-coast/tampa/saddlebrook-resort
18560,/usa/florida/east-coast/miami-beach/south-beach/south-beach-yacht-club-at-port|/usa/florida/south-east/miami-beach/south-fifth/yacht-club-at-portofino
18593,/mexico/mexican-riveria/jalisco/puerto-vallarta/hotel-zone/costa-club-punta-arena|/mexico/mexican-riviera/jalisco/puerto-vallarta/hotel-zone/costa-club-punta-arena
18639,/usa/montana/big-sky/alpenglow|/usa/montana/yellowstone/big-sky/mountain-village/alpenglow|/usa/montana/big-sky/mountain-village/alpenglow
18650,/usa/florida/panhandle-rest-of/navarre/pier-23|/usa/florida/north-west/main-north-west/navarre/pier-23|/usa/florida/panhandle-rest-of/navarre/pier-twenty-three
18659,/usa/florida/south-west/sarasota/whitfield-estates|/usa/florida/upper-gulf-coast/sarasota/whitfield-estates
18669,/usa/florida/south-west/bonita-springs/bonita-bay/pelican-landing/colony/pelican-landing-florencia|/usa/florida/south-gulf-coast/bonita-springs/bonita-bay/pelican-landing-colony-flor
18674,/usa/montana/big-sky/mountain-village/big-horn|/usa/montana/big-sky/big-horn|/usa/montana/yellowstone/big-sky/mountain-village/big-horn
18882,/usa/florida/north-west/panama-city-beach/laguna-beach/bonita-beach-condos|/usa/florida/panhandle-panama-city-beach/laguna-beach/bonita-beach-condos
18915,/mexico/mexican-riveria/nayarit/chacala/marina-chacala|/mexico/mexican-riviera/nayarit/chacala/marina-chacala
18918,/usa/florida/south-east/miami-beach/south-beach/shelborne-resort|/usa/florida/east-coast/miami-beach/south-beach/shelborne-resort
18958,/usa/florida/east-coast/cocoa-beach/wellington|/usa/florida/central-east/cocoa-beach/wellington
18998,/usa/maryland/ocean-city/captains-view-villas|/usa/maryland/eastern-shore/ocean-city/captains-view-villas
19063,/usa/florida/panhandle-panama-city-beach/sunnyside/jamaican-lake|/usa/florida/north-west/panama-city-beach/sunnyside/jamaican-lake
19110,/usa/florida/upper-gulf-coast/indian-rocks-beach/beach-trail-villas|/usa/florida/central-west/indian-rocks-beach/beach-trail-villas
19117,/europe/united-kingdom/wales/pembroke|/europe/wales/pembroke
19163,/usa/texas/galveston/dawn-galveston|/usa/texas/gulf-coast/galveston/dawn-galveston
19164,/usa/florida/panhandle-panama-city-beach/gulf-resort-beach/cabana-cay|/usa/florida/north-west/panama-city-beach/gulf-resort-beach/cabana-cay
19218,/usa/tennessee/east/caryville/the-willows-at-twin-cove|/usa/tennessee/east/norris-lake/caryville/the-willows-at-twin-cove
19256,/usa/california/los-angeles-county/los-angeles/san-fernando-valley/toluca-lake|/usa/california/los-angeles-catalina/los-angeles/toluca-lake
19325,/usa/texas/lake-travis/undesignated|/usa/texas/hill-country/lake-travis/undesignated
19370,/usa/florida/north-west/main-north-west/southport|/usa/florida/panhandle-rest-of/southport
19436,/usa/washington/olympic-peninsula/hood-canal-olympic/eldon|/usa/washington/hood-canal-wa/eldon|/usa/washington/olympic-peninsula/hood-canal-wa/hood-canal-olympic/eldon
19525,/europe/spain/costa-blanca-area/javea-moraira-denia-area/javea|/europe/spain/valencia/costa-blanca-area/javea
19556,/usa/wisconsin/north-west/solon-springs|/usa/wisconsin/wi-north-west/solon-springs
19565,/usa/montana/yellowstone/big-sky/mountain-village/stillwater|/usa/montana/big-sky/stillwater|/usa/montana/big-sky/mountain-village/stillwater
19627,/mexico/baja-california-sur/cabo-san-lucas/cabo-san-lucas/el-encanto-de-la-laguna|/mexico/baja-california-sur/san-jose-del-cabo/el-encanto-de-la-laguna
19635,/usa/california/deserts/palm-desert/south/palm-canyon-resort-spa|/usa/california/deserts/palm-springs/south/palm-canyon-resort-spa
19664,/usa/montana/yellowstone/big-sky/moonlight-basin/saddle-ridge|/usa/montana/big-sky/moonlight-basin/saddle-ridge
19665,/canada/british-columbia/cariboo-chilcotin-coast/bridge-lake|/canada/british-columbia/cariboo-chilcotin-co/bridge-lake
19669,/europe/spain/valencia/costa-blanca-area/altea|/europe/spain/costa-blanca-area/altea-area/altea
19785,/usa/florida/panhandle-south-walton-beach/seagrove-beach/paradise-cove-1|/usa/florida/north-west/beaches-of-south-walton/seagrove-beach/paradise-cove-1
19906,/usa/pennsylvania/allegheny-area/blue-knob|/usa/pennsylvania/allegheny-area/claysburg/blue-knob
19982,/usa/florida/central-gulf-coast/north-port/sabal-trace-colony|/usa/florida/south-west/north-port/sabal-trace-colony
19989,/canada/british-columbia/cariboo-chilcotin-co/sheridan-lake|/canada/british-columbia/cariboo-chilcotin-coast/sheridan-lake
20001,/canada/british-columbia/northern-british-columbia/queen-charlotte-islands|/canada/british-columbia/northern-british-col/queen-charlotte-islands
20060,/mexico/mexican-riviera/nayarit/nuevo-vallarta/paradise-village/ibiza-ii-iii|/mexico/mexican-riveria/nayarit/nuevo-vallarta/paradise-village/ibiza-ii-iii
20071,/usa/vermont/stratton-mountain/bondville/intervale-at-stratton|/usa/vermont/stratton-mountain/stratton/intervale-at-stratton
20092,/usa/maryland/eastern-shore/ocean-city/bahia-vista-2|/usa/maryland/ocean-city/bahia-vista-2
20113,/usa/florida/south-west/venice/waterford|/usa/florida/upper-gulf-coast/venice/waterford
20138,/usa/north-carolina/smoky-mountains/lake-chatuge/chatuge-village|/usa/north-carolina/smoky-mountains/lake-chatuge/hayesville/chatuge-village
20150,/europe/wales/monmouth|/europe/united-kingdom/wales/monmouth
20169,/mexico/mexican-riviera/jalisco/puerto-vallarta/south-zone/garza-blanca|/mexico/mexican-riveria/jalisco/puerto-vallarta/south-zone/garza-blanca
20175,/usa/north-carolina/smoky-mountains/hendersonville/lake-osceola|/usa/north-carolina/smoky-mountains/lake-osceola
20218,/usa/arizona/rest-of/overgaard/pine-meadows-country-club|/usa/arizona/capital-territory-high-country/overgaard/pine-meadows|/usa/arizona/rest-of/overgaard/pine-meadows
20278,/usa/colorado/northwest/breckenridge/north-breckenridge/fairways|/usa/colorado/northwest/breckenridge/north-breck/fairways
20425,/usa/florida/central-east/vero-beach/riverside-island-club|/usa/florida/east-coast/vero-beach/riverside-island-club
20453,/usa/florida/south-west/bonita-springs/east/bonita-beachwalk|/usa/florida/south-gulf-coast/bonita-beach/bonita-beachwalk
20516,/usa/oregon/bend/mt-bachelor-village|/usa/oregon/central-oregon/bend/mt-bachelor-village
20555,/usa/florida/east-coast/hallandale/biltmore-mansion|/usa/florida/south-east/hallandale/biltmore-mansion
20558,/usa/montana/big-sky/cascade|/usa/montana/yellowstone/big-sky/cascade
20572,/usa/florida/central-gulf-coast/placida/coral-creek|/usa/florida/south-west/placida/coral-creek
20574,/usa/florida/upper-gulf-coast/clearwater-beach/camelot|/usa/florida/central-west/clearwater-beach/camelot
20580,/usa/west-virginia/flat-top/winterplace|/usa/west-virginia/winterplace
20587,/usa/florida/east-coast/pompano-beach/hillsboro-shores|/usa/florida/south-east/pompano-beach/hillsboro-shores
20593,/usa/florida/central-east/cape-canaveral/ron-jon|/usa/florida/east-coast/cape-canaveral/ron-jon
20636,/usa/wisconsin/wi-north-west/cushing|/usa/wisconsin/north-west/cushing
20675,/usa/florida/central-east/port-orange/spruce-creek|/usa/florida/east-coast/port-orange/spruce-creek
20676,/usa/florida/central-gulf-coast/englewood/point-of-pines|/usa/florida/south-west/englewood/point-of-pines
20694,/usa/hawaii/kauai/south/lihue/hilton-kauai-beach|/usa/hawaii/kauai/lihue-kalapaki/lihue/hilton-kauai-beach
20709,/usa/arizona/rest-of/cornville/verde-santa-fe/la-privada|/usa/arizona/capital-territory-high-country/cornville/verde-santa-fe/la-privada
20743,/usa/florida/upper-gulf-coast/venice/circle-woods|/usa/florida/south-west/venice/circle-woods
20758,/usa/florida/central-gulf-coast/captiva-island/south-seas-resort|/usa/florida/south-west/captiva-island/south-seas-resort
20902,/usa/florida/south-west/venice/pinebrook-lake-club|/usa/florida/upper-gulf-coast/venice/pinebrook-lake-club
20929,/usa/florida/east-coast/miami/the-madison-downtown|/usa/florida/south-east/miami/the-madison-downtown
20945,/usa/utah/deer-valley/hailstone-at-stillwa|/usa/utah/jordanelle-state-par/jordanelle/hailstone-at-stillwa
21065,/usa/montana/yellowstone/big-sky/mountain-village/skycrest|/usa/montana/big-sky/mountain-village/skycrest
21078,/usa/maryland/central/annapolis/hunt-meadows|/usa/maryland/annapolis/hunt-meadows
21265,/usa/montana/big-sky/the-lodge-at-big-sky|/usa/montana/big-sky/mountain-village/the-lodge-at-big-sky|/usa/montana/yellowstone/big-sky/mountain-village/the-lodge-at-big-sky
21305,/usa/florida/east-coast/greenacres/pine-ridge-south-2|/usa/florida/south-east/greenacres/pine-ridge-south-2
21306,/usa/florida/north-west/panama-city-beach/gulf-resort-beach/beachcomber-by-the-s|/usa/florida/panhandle-panama-city-beach/gulf-resort-beach/beachcomber-by-the-s
21323,/canada/british-columbia/northern-british-col/telkwa|/canada/british-columbia/northern-british-columbia/telkwa
21397,/usa/florida/north-west/panama-city-beach/st-andrew-bay|/usa/florida/panhandle-panama-city-beach/st-andrew-bay
21469,/usa/montana/yellowstone/big-sky/mountain-village/cedar-creek|/usa/montana/big-sky/cedar-creek|/usa/montana/big-sky/mountain-village/cedar-creek
21526,/usa/florida/east-coast/miami-beach/south-beach/all-corners|/usa/florida/south-east/miami-beach/south-fifth/all-corners
21636,/usa/florida/south-east/west-palm-beach/ibis-golf-and-country-club|/usa/florida/east-coast/west-palm-beach/ibis-golf-and-country-club
21648,/usa/florida/central-west/st-petersburg/venetian-isles|/usa/florida/upper-gulf-coast/st-petersburg/venetian-isles
21692,/usa/florida/east-coast/west-palm-beach/orchid-reserve|/usa/florida/south-east/west-palm-beach/orchid-reserve
21931,/europe/united-kingdom/england/london/kensington-chelsea/notting-hill|/europe/england/london/kensington-chelsea/notting-hill
21993,/usa/montana/glacier-country/flathead-lake/lakeside/waterside|/usa/montana/flathead-lake/lakeside/waterside
22140,/usa/montana/yellowstone/big-sky/moonlight-basin/cowboy-heaven|/usa/montana/big-sky/moonlight-basin/cowboy-heaven
22190,/europe/united-kingdom/england/london/westminster/st-jamess|/europe/england/london/westminster/st-jamess
22453,/usa/wisconsin/wi-north-west/radisson|/usa/wisconsin/north-west/radisson
22528,/usa/california/los-angeles-catalina/rolling-hills|/usa/california/los-angeles-catalina/rolling-hills-estates|/usa/california/los-angeles-county/rolling-hills
22628,/usa/maryland/eastern-shore/ocean-city/townes-of-nantucket|/usa/maryland/ocean-city/townes-of-nantucket
22641,/usa/wisconsin/north-west/elizabeth-lake|/usa/wisconsin/wi-north-west/elizabeth-lake
22794,/usa/south-carolina/charleston-area/edisto-beach/ocean-ridge/club-cottages|/usa/south-carolina/charleston-area/edisto-island/edisto-beach/ocean-ridge/club-cottages
22905,/usa/wisconsin/wi-north-west/luck|/usa/wisconsin/north-west/luck
22972,/usa/washington/tri-cities/kennewick|/usa/washington/wa-south-central/tri-cities/kennewick
23111,/usa/montana/big-sky/big-sky-town-center/lone-peak|/usa/montana/yellowstone/big-sky/big-sky-town-center/lone-peak
23147,/usa/montana/big-sky/mountain-village/shoshone|/usa/montana/yellowstone/big-sky/mountain-village/shoshone
23272,/usa/wisconsin/north-west/clam-lake|/usa/wisconsin/wi-north-west/clam-lake
23644,/usa/wisconsin/wi-central/silver-lake|/usa/wisconsin/wi-south-east/silver-lake
23655,/europe/england/bath-area/warminster|/europe/united-kingdom/england/bath-area/warminster
23997,/usa/washington/tri-cities/richland|/usa/washington/wa-south-central/tri-cities/richland
24620,/usa/wisconsin/wi-north-west/washburn|/usa/wisconsin/north-west/washburn
24629,/usa/montana/whitefish/whitefish-mountain/elk-highlands|/usa/montana/glacier-country/whitefish-lake/whitefish/whitefish-mountain/elk-highlands
24718,/usa/wisconsin/north-west/northwoods-beach|/usa/wisconsin/wi-north-west/northwoods-beach
24991,/usa/wisconsin/north-west/hudson|/usa/wisconsin/wi-north-west/hudson
25001,/usa/wisconsin/north-west/weyerhaeuser|/usa/wisconsin/wi-north-west/weyerhaeuser
25014,/usa/wisconsin/north-west/stone-lake|/usa/wisconsin/wi-north-west/stone-lake
25053,/usa/wisconsin/north-west/trego|/usa/wisconsin/wi-north-west/trego
25222,/usa/colorado/northwest/winter-park-area/sol-vista-silver-cre/base-camp-one|/usa/colorado/northwest/granby/sol-vista-silver-cre/base-camp-one
25425,/usa/washington/roslyn/pineloch-sun-beach-club|/usa/washington/cascade-mountains/roslyn/pineloch-sun-beach-club
25635,/usa/wisconsin/north-west/sarona|/usa/wisconsin/wi-north-west/sarona
25655,/europe/spain/catalunya/barcelona-province/barcelona/sant-marti/diagonal-mar|/europe/spain/catalunya/barcelona/sant-marti/diagonal-mar
25685,/usa/wisconsin/wi-north-west/hayward/lac-courte-oreilles|/usa/wisconsin/north-west/lac-courte-oreilles
25928,/europe/england/lake-district/windermere|/europe/united-kingdom/england/lake-district/windermere
25962,/usa/california/los-angeles-county/los-angeles/san-fernando-valley/reseda|/usa/california/los-angeles-catalina/los-angeles/reseda
25977,/canada/british-columbia/vancouver-area/vancouver/downtown-vancouver/crosstown|/canada/british-columbia/vancouver-area/vancouver/central-and-downtown-vancouver/downtown-vancouver/crosstown
26569,/europe/italy/tuscany/arezzo-province/pieve-santo-stefano|/europe/italy/tuscany/lucca-area/pieve-santo-stefano
26579,/usa/montana/big-sky/big-sky-town-center/elevation-6000|/usa/montana/yellowstone/big-sky/big-sky-town-center/elevation-6000
26773,/usa/california/los-angeles-catalina/venice-beach/marina-peninsula|/usa/california/los-angeles-county/venice-beach/marina-peninsula
26958,/europe/spain/andalucia/costa-del-sol-malaga/west-costa-del-sol/marbella-area/marbella/marbella-beach-resort|/europe/spain/andalucia/marbella-area/marbella/marbella-beach-resort
27062,/usa/florida/south-west/siesta-key/gulf-bay-club/bayside|/usa/florida/south-west/siesta-key/bayside
27646,/usa/montana/whitefish/whitefish-mountain/crestwood-resort|/usa/montana/glacier-country/whitefish-lake/whitefish/whitefish-mountain/crestwood-resort
27822,/usa/washington/olympic-peninsula/hood-canal-wa/hood-canal-olympic/potlatch|/usa/washington/olympic-peninsula/hood-canal-olympic/potlatch
28109,/usa/maryland/western/deep-creek-lake/oakland/mountainside|/usa/maryland/deep-creek-lake/oakland/mountainside
28216,/canada/british-columbia/vancouver-area/vancouver/downtown-vancouver/international-villag|/canada/british-columbia/vancouver-area/vancouver/central-and-downtown-vancouver/downtown-vancouver/international-villag
28296,/canada/british-columbia/vancouver-area/vancouver/fairview/city-gate|/canada/british-columbia/vancouver-area/vancouver/west-side/fairview/city-gate
28312,/canada/british-columbia/vancouver-area/vancouver/east-side/grandview/commercial-drive|/canada/british-columbia/vancouver-area/vancouver/grandview/commercial-drive
28475,/usa/montana/yellowstone/big-sky/meadow-village/blue-grouse|/usa/montana/big-sky/meadow-village/blue-grouse
28759,/usa/maryland/eastern-shore/ocean-city/fountainhead-2|/usa/maryland/ocean-city/fountainhead-2
29555,/canada/british-columbia/vancouver-area/vancouver/west-side/fairview/southeast-false-cree|/canada/british-columbia/vancouver-area/vancouver/fairview/southeast-false-cree
29680,/europe/spain/catalunya/barcelona/ciutat-vella/el-borne|/europe/spain/catalunya/barcelona-province/barcelona/ciutat-vella/el-borne
30020,/south-pacific/australia/victoria/yarra-valley-dandeno/healesville|/south-pacific/australia/victoria/yarra-valley-dandenong-range/healesville
30327,/south-pacific/australia/victoria/goldfields/moonambel|/south-pacific/australia/victoria/moonambel|/south-pacific/australia/victoria/victoria-high-countr/moonambel
30823,/europe/italy/tuscany/florence/palazzo-pitti/oltrarno|/europe/italy/tuscany/firenze-province/florence/palazzo-pitti/oltrarno
30824,/europe/spain/catalunya/barcelona-province/barcelona/ciutat-vella/el-raval|/europe/spain/catalunya/barcelona/ciutat-vella/el-raval
30906,/europe/scotland/drymen|/europe/united-kingdom/scotland/drymen
31182,/canada/british-columbia/thompson-okanagan/kelowna/rutland-north-south-ellison/mackenzie-heights|/canada/british-columbia/thompson-okanagan/kelowna/rutland-north-south-/mackenzie-heights
31553,/usa/south-carolina/myrtle-beach/surfside-beach/ssurfside-by-the-sea-1|/usa/south-carolina/myrtle-beach/surfside-beach/surfside-by-the-sea-1
31569,/usa/california/los-angeles-catalina/los-angeles/walnut|/usa/california/los-angeles-county/walnut|/usa/california/los-angeles-catalina/walnut
31775,/usa/california/los-angeles-county/manhattan-beach/sand-section/the-strand|/usa/california/los-angeles-catalina/manhattan-beach/sand-section/the-strand
33252,/europe/spain/catalunya/calella|/europe/spain/catalunya/barcelona-province/calella|/europe/spain/catalunya/barcelona-province/maresme-area/calella
33934,/testworldregion/testcountry/gulf-coast-town/beach-city|/testworldregion/test-country2/gulf-coast-town/beach-city
34136,/europe/spain/valencia/costa-blanca-area/el-campello|/europe/spain/costa-blanca-area/alicante-area/el-campello
34141,/europe/spain/catalunya/costa-dorada/riumar|/europe/spain/catalunya/costa-dorada-tarrago/costa-dorada/riumar
35246,/europe/spain/asturias/oriente-comarca/cabrales|/europe/spain/asturias/oriente/cabrales
35551,/europe/spain/catalunya/lleida-province/lleida-pyrenees/naut-aran|/europe/spain/catalunya/lleida-pyrenees/naut-aran
36425,/usa/new-hampshire/lakes-region/lake-winnipesaukee/laconia/christmas-island-resort|/usa/new-hampshire/lakes-region/laconia/christmas-island-resort
39697,/south-pacific/australia/victoria/macedon-ranges-dayle/daylesford|/south-pacific/australia/victoria/macedon-ranges-daylesford/daylesford
40737,/usa/california/los-angeles-county/los-angeles/downtown-financial-d/south-park|/usa/california/los-angeles-county/los-angeles/south-los-angeles/south-park
40892,/usa/utah/flaming-gorge-national-recreat/dutch-john|/usa/utah/flaming-gorge-nation/dutch-john
42170,/europe/greece/peloponnese/kythira-island/avlemonas|/europe/greece/greek-islands/ionian/kythira-island/avlemonas
